{
	"info": {
		"_postman_id": "976571be-bf22-411a-a3fb-83306cdb49e1",
		"name": "allShopComment_POST_method",
		"schema": "https://schema.getpostman.com/json/collection/v2.1.0/collection.json"
	},
	"item": [
		{
			"name": "MobilePost Mothod",
			"protocolProfileBehavior": {
				"disabledSystemHeaders": {
					"user-agent": true
				}
			},
			"request": {
				"method": "POST",
				"header": [
					{
						"key": "Accept",
						"value": "application/json",
						"type": "text"
					},
					{
						"key": "Content-Type",
						"value": "application/json",
						"type": "text"
					},
					{
						"key": "",
						"value": "eyJhbGciOiJIUzI1NiIsInR5cCI6IkpXVCJ9.eyJpZCI6IjVmNTliOWI0MTM4ODNiMjlmYzM4MzA0ZSIsImVtYWlsIjoidGVzdHVzZXJAZ21haWwuY29tIiwiaWF0IjoxNTk5NzE2MzEwfQ.mqLGgm7rFBAwTz2BQKpFHvnHTAlalLgoILBdzBXpNC4",
						"type": "text"
					}
				],
				"body": {
					"mode": "formdata",
					"formdata": [
						{
							"key": "shop_Id",
							"value": "1",
							"type": "text"
						}
					],
					"options": {
						"raw": {
							"language": "json"
						}
					}
				},
				"url": {
					"raw": "http://api.buylands.lk/allShopComment.php?shop_Id=2",
					"protocol": "http",
					"host": [
						"api",
						"buylands",
						"lk"
					],
					"path": [
						"allShopComment.php"
					],
					"query": [
						{
							"key": "shop_Id",
							"value": "2"
						}
					]
				}
			},
			"response": []
		}
	]
}