{
	"info": {
		"_postman_id": "72f558a0-0372-41d9-bc8b-8ac9572c54ea",
		"name": "shopDetails_POST_method",
		"schema": "https://schema.getpostman.com/json/collection/v2.1.0/collection.json"
	},
	"item": [
		{
			"name": "http://api.buylands.lk/shopDetails.php",
			"protocolProfileBehavior": {
				"disabledSystemHeaders": {
					"user-agent": true
				}
			},
			"request": {
				"method": "POST",
				"header": [
					{
						"key": "Accept",
						"value": "application/json",
						"type": "text"
					},
					{
						"key": "Content-Type",
						"value": "application/json",
						"type": "text"
					},
					{
						"key": "",
						"value": "eyJhbGciOiJIUzI1NiIsInR5cCI6IkpXVCJ9.eyJpZCI6IjVmNTliOWI0MTM4ODNiMjlmYzM4MzA0ZSIsImVtYWlsIjoidGVzdHVzZXJAZ21haWwuY29tIiwiaWF0IjoxNTk5NzE2MzEwfQ.mqLGgm7rFBAwTz2BQKpFHvnHTAlalLgoILBdzBXpNC4",
						"type": "text"
					}
				],
				"body": {
					"mode": "urlencoded",
					"urlencoded": [
						{
							"key": "shop_Id",
							"value": "2",
							"type": "text"
						},
						{
							"key": "cusId",
							"value": "France",
							"type": "text",
							"disabled": true
						},
						{
							"key": "comment",
							"value": "Very good",
							"type": "text",
							"disabled": true
						},
						{
							"key": "rating",
							"value": "3",
							"type": "text",
							"disabled": true
						}
					],
					"options": {
						"raw": {
							"language": "json"
						}
					}
				},
				"url": {
					"raw": "http://api.buylands.lk/shopDetails.php",
					"protocol": "http",
					"host": [
						"api",
						"buylands",
						"lk"
					],
					"path": [
						"shopDetails.php"
					]
				}
			},
			"response": []
		}
	]
}